word,t-test
dead,5.8359332285140395
student,5.749321280662066
girl,5.481336915020913
probe,5.389067504991191
48,5.29520034036233
ll,5.199648889444337
thinks,5.199648889444337
asks,5.199648889444337
45,5.199648889444337
allegations,5.102318526317146
posts,5.102318526317146
endorses,5.102318526317146
leftist,5.102318526317146
tomorrow,5.0031054296249895
49,4.901895280930228
lying,4.798561716146433
please,4.798561716146433
emails,4.77063218905129
drops,4.6929644702687545
51,4.58494713772218
regarding,4.58494713772218
means,4.58494713772218
surprise,4.474334446267964
tweet,4.474334446267964
mind,4.474334446267964
false,4.474334446267964
failed,4.474334446267964
wall,4.474334446267964
release,4.360928908748221
vows,4.360928908748221
40,4.360928908748221
Â»,4.360928908748221
lawyer,4.360928908748221
14th,4.2445066697897
consulate,4.2445066697897
migrants,4.2445066697897
mail,4.2445066697897
reasons,4.2445066697897
wait,4.2445066697897
reporting,4.124812297445546
threatening,4.124812297445546
..,4.124812297445546
hell,4.124812297445546
17,4.124812297445546
came,4.124812297445546
secret,4.124812297445545
borders,4.124812297445545
bomb,4.124812297445545
baby,4.124812297445545
r/politics,4.070599094843812
birthright,4.001552172453033
debt,4.0015521724530325
course,4.0015521724530325
staffer,4.0015521724530325
narrative,4.0015521724530325
father,3.8743859839864605
handle,3.8743859839864605
refuses,3.8743859839864605
43,3.8743859839864605
socialist,3.8743859839864605
starting,3.8743859839864605
model,3.8743859839864605
left-wing,3.8743859839864605
reveal,3.8743859839864605
radio,3.8743859839864605
8,3.830121428267352
news,3.7884051213252854
mocks,3.742915623575756
price,3.7429156235757555
account,3.7429156235757555
happening,3.7429156235757555
staff,3.7429156235757555
restaurant,3.7429156235757555
card,3.7429156235757555
daily,3.7429156235757555
https,3.7429156235757555
domestic,3.7429156235757555
talks,3.7429156235757555
responds,3.7429156235757555
travel,3.7429156235757555
momentum,3.7429156235757555
ways,3.7429156235757555
camp,3.7429156235757555
media,3.672190806636293
risk,3.6066704326380075
arms,3.6066704326380075
urges,3.6066704326380075
learned,3.6066704326380075
seeks,3.6066704326380075
holding,3.6066704326380075
husband,3.6066704326380075
gave,3.6066704326380075
fans,3.6066704326380075
sues,3.6066704326380075
image,3.6066704326380075
performance,3.6066704326380075
ignore,3.6066704326380075
turns,3.6066704326380075
guilty,3.6066704326380075
outrage,3.6066704326380075
exposes,3.6066704326380075
recently,3.6066704326380075
ground,3.6066704326380075
rate,3.6066704326380075
surprised,3.465087224039055
sorry,3.465087224039055
trade,3.465087224039055
concerned,3.465087224039055
mandate,3.465087224039055
23,3.465087224039055
finding,3.465087224039055
incumbent,3.465087224039055
blasts,3.465087224039055
kills,3.465087224039055
movie,3.465087224039055
effect,3.465087224039055
6th,3.4650872240390544
return,3.4650872240390544
march,3.4650872240390544
pardon,3.4650872240390544
cause,3.4650872240390544
diversity,3.4650872240390544
related,3.4650872240390544
request,3.465087224039054
files,3.465087224039054
include,3.465087224039054
releases,3.465087224039054
fails,3.465087224039054
ignored,3.465087224039054
collapse,3.465087224039054
liberal,3.3823596515161096
border,3.364966830777574
make,3.3607761357545205
returns,3.3174826195062193
super,3.3174826195062193
trail,3.3174826195062193
considering,3.3174826195062193
result,3.3174826195062193
fan,3.3174826195062193
rhetoric,3.3174826195062193
protester,3.3174826195062193
accuser,3.3174826195062193
holds,3.3174826195062193
heat,3.3174826195062193
add,3.3174826195062193
increased,3.3174826195062193
murdered,3.3174826195062193
analysis,3.3174826195062193
moderator,3.3174826195062193
visit,3.3174826195062193
suicide,3.3174826195062193
main,3.3174826195062193
negative,3.3174826195062193
possibly,3.3174826195062193
details,3.3174826195062193
charge,3.3174826195062193
margin,3.3174826195062193
offers,3.3174826195062193
announces,3.3174826195062193
amazing,3.3174826195062193
stands,3.3174826195062193
ridiculous,3.3174826195062193
aliens,3.3174826195062193
sure,3.2852899111408793
30,3.285289911140879
ban,3.285289911140879
people,3.246602340212115
states,3.2077523903412057
approval,3.1630137488111143
politician,3.163013748811114
alone,3.163013748811114
whose,3.163013748811114
2017,3.163013748811114
excited,3.163013748811114
dump,3.163013748811114
democrat,3.163013748811114
proven,3.163013748811114
daughter,3.163013748811114
feminist,3.163013748811114
donor,3.163013748811114
alive,3.163013748811114
ones,3.163013748811114
minute,3.163013748811114
attempts,3.163013748811114
traffic,3.163013748811114
resist,3.163013748811114
tight,3.163013748811114
claimed,3.163013748811114
refugee,3.163013748811114
300,3.163013748811114
promote,3.163013748811114
thrown,3.163013748811114
hat,3.163013748811114
certain,3.163013748811114
bin,3.163013748811114
planned,3.163013748811114
"250,000",3.163013748811114
denied,3.163013748811114
denies,3.163013748811114
streets,3.163013748811114
actual,3.163013748811114
closing,3.163013748811114
driver,3.163013748811114
users,3.163013748811114
shirt,3.163013748811114
wearing,3.163013748811114
demand,3.163013748811114
focus,3.163013748811114
freed,3.163013748811114
stops,3.163013748811114
mobs,3.163013748811114
strike,3.163013748811114
survive,3.163013748811114
body,3.163013748811114
multiple,3.163013748811114
predictions,3.163013748811114
citizen,3.163013748811114
historic,3.163013748811114
white,3.015975028831958
rights,3.0087146464756134
declares,3.000620700363546
successfully,3.0006207003635454
ruined,3.0006207003635454
illegals,3.0006207003635454
rating,3.0006207003635454
keeping,3.0006207003635454
resigns,3.0006207003635454
quite,3.0006207003635454
moral,3.0006207003635454
41,3.0006207003635454
train,3.0006207003635454
quickly,3.0006207003635454
folks,3.0006207003635454
somehow,3.0006207003635454
station,3.0006207003635454
correctness,3.0006207003635454
42,3.0006207003635454
trip,3.0006207003635454
kept,3.0006207003635454
script,3.0006207003635454
package,3.0006207003635454
trial,3.0006207003635454
advice,3.0006207003635454
"5,000",3.0006207003635454
update,3.0006207003635454
green,3.0006207003635454
heading,3.0006207003635454
named,3.0006207003635454
al,3.0006207003635454
tie,3.0006207003635454
yard,3.0006207003635454
spends,3.0006207003635454
embassy,3.0006207003635454
31,3.0006207003635454
disturbing,3.0006207003635454
hearings,3.0006207003635454
assaulted,3.0006207003635454
non-citizens,3.0006207003635454
channel,3.0006207003635454
tracking,3.0006207003635454
"100,000",3.0006207003635454
surges,3.0006207003635454
apparently,3.0006207003635454
opposition,3.0006207003635454
attacking,3.0006207003635454
bans,3.0006207003635454
teachers,3.0006207003635454
register,3.0006207003635454
version,3.0006207003635454
answers,3.0006207003635454
kick,3.0006207003635454
slam,3.0006207003635454
larger,3.0006207003635454
apologizes,3.0006207003635454
edge,3.0006207003635454
vow,3.0006207003635454
500,3.0006207003635454
pushes,3.0006207003635454
standing,3.0006207003635454
hope,2.9599851676354643
post,2.9376760322941333
nothing,2.876942595209012
democracy,2.849570726325374
whites,2.828939156556766
spoke,2.828939156556766
background,2.828939156556766
proves,2.828939156556766
convicted,2.828939156556766
maybe,2.828939156556766
unborn,2.828939156556766
hurting,2.828939156556766
nears,2.828939156556766
recommend,2.828939156556766
covered,2.828939156556766
warn,2.828939156556766
trend,2.828939156556766
moments,2.828939156556766
disrespectful,2.828939156556766
taxpayers,2.828939156556766
quarantine,2.828939156556766
tolerance,2.828939156556766
dogs,2.828939156556766
stories,2.828939156556766
44,2.828939156556766
ordered,2.828939156556766
promising,2.828939156556766
fundraising,2.828939156556766
awful,2.828939156556766
commit,2.828939156556766
billionaire,2.828939156556766
credibility,2.828939156556766
soldiers,2.828939156556766
counties,2.828939156556766
offensive,2.828939156556766
king,2.828939156556766
definition,2.828939156556766
remains,2.828939156556766
identify,2.828939156556766
cry,2.828939156556766
campaigning,2.828939156556766
shoot,2.828939156556766
ambassador,2.828939156556766
publicly,2.828939156556766
blaming,2.828939156556766
aides,2.828939156556766
write,2.828939156556766
tank,2.828939156556766
surge,2.828939156556766
resignation,2.828939156556766
gang,2.828939156556766
fires,2.828939156556766
bills,2.828939156556766
accurate,2.828939156556766
conversation,2.828939156556766
project,2.828939156556766
reporters,2.828939156556766
linked,2.828939156556766
eye,2.828939156556766
remark,2.828939156556766
apologize,2.828939156556766
abortions,2.828939156556766
leaning,2.828939156556766
internal,2.828939156556766
hack,2.828939156556766
deadly,2.828939156556766
sort,2.828939156556766
appeal,2.828939156556766
distance,2.828939156556766
staffers,2.828939156556766
pro,2.8289391565567654
hide,2.8289391565567654
increases,2.8289391565567654
committed,2.8289391565567654
person,2.793185166384207
help,2.7334340649112603
wage,2.711911736952759
>,2.7086979554180184
voter,2.6976644723030283
marijuana,2.6863201166154274
progressives,2.6521689982924026
population,2.646161833911366
wish,2.646161833911366
confirms,2.646161833911366
photos,2.646161833911366
receives,2.646161833911366
suspects,2.646161833911366
protecting,2.646161833911366
guilt,2.646161833911366
weekend,2.646161833911366
"15,000",2.6461618339113655
minister,2.6461618339113655
announcement,2.6461618339113655
difficult,2.6461618339113655
revelations,2.6461618339113655
argue,2.6461618339113655
praise,2.6461618339113655
99,2.6461618339113655
1st,2.6461618339113655
seek,2.6461618339113655
anthem,2.6461618339113655
remarks,2.6461618339113655
34,2.6461618339113655
character,2.6461618339113655
memes,2.6461618339113655
refusal,2.6461618339113655
toxic,2.6461618339113655
quietly,2.6461618339113655
partner,2.6461618339113655
air,2.6461618339113655
doubt,2.6461618339113655
rejects,2.6461618339113655
pollster,2.6461618339113655
grew,2.6461618339113655
stealing,2.6461618339113655
protestors,2.6461618339113655
shirts,2.6461618339113655
laughs,2.6461618339113655
notion,2.6461618339113655
tenure,2.6461618339113655
overwhelmingly,2.6461618339113655
38,2.6461618339113655
apart,2.6461618339113655
alert,2.6461618339113655
networks,2.6461618339113655
twitter,2.6461618339113655
street,2.6461618339113655
mental,2.6461618339113655
steal,2.6461618339113655
entertainment,2.6461618339113655
hopes,2.6461618339113655
republic,2.6461618339113655
censorship,2.6461618339113655
remain,2.6461618339113655
elect,2.6461618339113655
targeted,2.6461618339113655
joins,2.6461618339113655
misconduct,2.6461618339113655
entry,2.6461618339113655
firm,2.6461618339113655
cabinet,2.6461618339113655
remind,2.6461618339113655
9th,2.6461618339113655
shift,2.6461618339113655
senior,2.6461618339113655
downvoted,2.6461618339113655
28,2.6461618339113655
chair,2.6461618339113655
except,2.6461618339113655
brings,2.6461618339113655
cnn,2.6461618339113655
posting,2.6461618339113655
projects,2.6461618339113655
refusing,2.6461618339113655
prostitution,2.6461618339113655
damage,2.6461618339113655
listening,2.6461618339113655
standard,2.6461618339113655
caravans,2.6461618339113655
doctor,2.6461618339113655
punching,2.6461618339113655
shrinks,2.6461618339113655
teaching,2.6461618339113655
original,2.6461618339113655
admin,2.6461618339113655
required,2.6461618339113655
mayor,2.6461618339113655
censor,2.6461618339113655
pop,2.6461618339113655
approach,2.6461618339113655
audio,2.6461618339113655
priorities,2.6461618339113655
absurd,2.6461618339113655
handgun,2.6461618339113655
principles,2.6461618339113655
53,2.6461618339113655
nomination,2.6461618339113655
challenger,2.6461618339113655
threatened,2.6461618339113655
permanent,2.6461618339113655
82,2.6461618339113655
furious,2.6461618339113655
wars,2.6461618339113655
suffered,2.6461618339113655
celebrates,2.6461618339113655
funds,2.6461618339113655
hosts,2.6461618339113655
user,2.6461618339113655
6,2.640562117270027
mean,2.6234655642232556
47,2.6234655642232556
asked,2.623465564223255
fire,2.623465564223255
year,2.6049549901727596
presidents,2.5176658554440534
corporate,2.5043863065035374
power,2.4969917724039403
caravan,2.4950110778219763
politics,2.486126683591193
posted,2.450701166455172
term,2.4507011664551714
seems,2.4507011664551714
window,2.449806455749525
2.0,2.449806455749525
priority,2.449806455749525
bombing,2.449806455749525
season,2.449806455749525
redditors,2.449806455749525
expose,2.449806455749525
author,2.449806455749525
dark,2.449806455749525
code,2.449806455749525
abandon,2.449806455749525
wear,2.449806455749525
backfired,2.449806455749525
92,2.449806455749525
operatives,2.449806455749525
combat,2.449806455749525
suspected,2.449806455749525
papers,2.449806455749525
deaths,2.449806455749525
dozen,2.449806455749525
correspondent,2.449806455749525
identity,2.449806455749525
"50,000",2.449806455749525
truly,2.449806455749525
picks,2.449806455749525
vandalized,2.449806455749525
gift,2.449806455749525
teach,2.449806455749525
strength,2.449806455749525
accusers,2.449806455749525
occurred,2.449806455749525
relief,2.449806455749525
pressure,2.449806455749525
cartoon,2.449806455749525
1970,2.449806455749525
mock,2.449806455749525
rural,2.449806455749525
directly,2.449806455749525
websites,2.449806455749525
outlets,2.449806455749525
convinced,2.449806455749525
disease,2.449806455749525
convention,2.449806455749525
deserves,2.449806455749525
offense,2.449806455749525
resigned,2.449806455749525
humor,2.449806455749525
hates,2.449806455749525
property,2.4498064557495245
studies,2.4498064557495245
56,2.4498064557495245
volunteer,2.4498064557495245
moved,2.4498064557495245
counted,2.4498064557495245
hot,2.4498064557495245
skeptical,2.4498064557495245
journalism,2.4498064557495245
self,2.4498064557495245
patients,2.4498064557495245
boys,2.4498064557495245
prepared,2.4498064557495245
comparing,2.4498064557495245
et,2.4498064557495245
interrupted,2.4498064557495245
represent,2.4498064557495245
feminists,2.4498064557495245
areas,2.4498064557495245
row,2.4498064557495245
blogger,2.4498064557495245
army,2.4498064557495245
incident,2.4498064557495245
committing,2.4498064557495245
opportunities,2.4498064557495245
dropping,2.4498064557495245
interrupting,2.4498064557495245
declared,2.4498064557495245
blood,2.4498064557495245
provides,2.4498064557495245
primarily,2.4498064557495245
packages,2.4498064557495245
addressed,2.4498064557495245
hikes,2.4498064557495245
lecture,2.4498064557495245
style,2.4498064557495245
nutshell,2.4498064557495245
blocks,2.4498064557495245
throwing,2.4498064557495245
observers,2.4498064557495245
network,2.4498064557495245
timeline,2.4498064557495245
wedding,2.4498064557495245
compares,2.4498064557495245
liberty,2.4498064557495245
testimony,2.4498064557495245
smile,2.4498064557495245
systems,2.4498064557495245
positive,2.4498064557495245
legally,2.4498064557495245
investigated,2.4498064557495245
zero,2.4498064557495245
keeps,2.4498064557495245
arrogant,2.4498064557495245
likes,2.4498064557495245
northern,2.4498064557495245
saving,2.4498064557495245
officers,2.4498064557495245
area,2.4498064557495245
articles,2.4498064557495245
representation,2.4498064557495245
stopping,2.4498064557495245
constitution,2.4498064557495245
career,2.4498064557495245
pays,2.4498064557495245
council,2.4498064557495245
covering,2.4498064557495245
extremely,2.4498064557495245
appeals,2.4498064557495245
oppose,2.4498064557495245
sing,2.4498064557495245
suspended,2.4498064557495245
socially,2.4498064557495245
cool,2.4498064557495245
funded,2.4498064557495245
insider,2.4498064557495245
challenges,2.4498064557495245
feels,2.4498064557495245
failures,2.4498064557495245
confirmed,2.4498064557495245
pulls,2.4498064557495245
ass,2.4498064557495245
entitlement,2.4498064557495245
ancestry,2.4498064557495245
elite,2.4498064557495245
nominee,2.4484719325336632
midterms,2.442286972942657
tax,2.4208689150677696
tweets,2.383907590648357
minimum,2.383907590648357
woman,2.382414123857031
sex,2.3631358173058117
9,2.3631358173058117
liberals,2.322621462557491
debate,2.302089550946339
win,2.2999008473118847
policies,2.274758557390709
state,2.2465481145859307
ta,2.236299262975947
credible,2.236299262975947
dishes,2.236299262975947
desire,2.236299262975947
interrupt,2.236299262975947
fallout,2.236299262975947
prosperous,2.236299262975947
receive,2.236299262975947
kitchen,2.236299262975947
forum,2.236299262975947
task,2.236299262975947
loser,2.236299262975947
kidding,2.236299262975947
significant,2.236299262975947
extra,2.236299262975947
joy,2.236299262975947
ranks,2.236299262975947
outpacing,2.236299262975947
relevant,2.236299262975947
soup,2.236299262975947
confront,2.236299262975947
contraception,2.236299262975947
v,2.236299262975947
69,2.236299262975947
decade,2.236299262975947
choices,2.236299262975947
posing,2.236299262975947
bird,2.236299262975947
quiet,2.236299262975947
endorse,2.236299262975947
subsidies,2.236299262975947
walkout,2.236299262975947
attend,2.236299262975947
handled,2.236299262975947
models,2.236299262975947
tale,2.236299262975947
indeed,2.2362992629759466
ethics,2.2362992629759466
summary,2.2362992629759466
patient,2.2362992629759466
17th,2.2362992629759466
unique,2.2362992629759466
prevented,2.2362992629759466
opening,2.2362992629759466
silent,2.2362992629759466
mode,2.2362992629759466
store,2.2362992629759466
defeats,2.2362992629759466
karma,2.2362992629759466
mission,2.2362992629759466
grow,2.2362992629759466
explaining,2.2362992629759466
bullied,2.2362992629759466
agreement,2.2362992629759466
prefer,2.2362992629759466
loan,2.2362992629759466
vision,2.2362992629759466
"1,500",2.2362992629759466
leak,2.2362992629759466
extends,2.2362992629759466
limited,2.2362992629759466
flight,2.2362992629759466
bloody,2.2362992629759466
pending,2.2362992629759466
crews,2.2362992629759466
dream,2.2362992629759466
blast,2.2362992629759466
liked,2.2362992629759466
carbon,2.2362992629759466
inciting,2.2362992629759466
contract,2.2362992629759466
necessary,2.2362992629759466
r/news,2.2362992629759466
deny,2.2362992629759466
permits,2.2362992629759466
bigot,2.2362992629759466
confirm,2.2362992629759466
concluded,2.2362992629759466
candy,2.2362992629759466
hypocrites,2.2362992629759466
academic,2.2362992629759466
section,2.2362992629759466
core,2.2362992629759466
watched,2.2362992629759466
fill,2.2362992629759466
lesson,2.2362992629759466
tyranny,2.2362992629759466
loves,2.2362992629759466
disagree,2.2362992629759466
importance,2.2362992629759466
doomed,2.2362992629759466
checks,2.2362992629759466
sucks,2.2362992629759466
leftwing,2.2362992629759466
smiles,2.2362992629759466
whining,2.2362992629759466
unconstitutional,2.2362992629759466
energized,2.2362992629759466
stickers,2.2362992629759466
decides,2.2362992629759466
convert,2.2362992629759466
suffering,2.2362992629759466
hiding,2.2362992629759466
carry,2.2362992629759466
enthusiasm,2.2362992629759466
suffer,2.2362992629759466
brutal,2.2362992629759466
toss-up,2.2362992629759466
web,2.2362992629759466
200,2.2362992629759466
ignores,2.2362992629759466
tolerant,2.2362992629759466
=,2.2362992629759466
seeker,2.2362992629759466
hosting,2.2362992629759466
wanting,2.2362992629759466
tools,2.2362992629759466
certainly,2.2362992629759466
conducted,2.2362992629759466
controversial,2.2362992629759466
unity,2.2362992629759466
aside,2.2362992629759466
bullshit,2.2362992629759466
brief,2.2362992629759466
2019,2.2362992629759466
praising,2.2362992629759466
stars,2.2362992629759466
demanding,2.2362992629759466
preserve,2.2362992629759466
choosing,2.2362992629759466
homosexuality,2.2362992629759466
consent,2.2362992629759466
mic,2.2362992629759466
dog,2.2362992629759466
2007,2.2362992629759466
disagrees,2.2362992629759466
treated,2.2362992629759466
race-baiting,2.2362992629759466
gained,2.2362992629759466
obvious,2.2362992629759466
reached,2.2362992629759466
bombshell,2.2362992629759466
moderators,2.2362992629759466
neutral,2.2362992629759466
headline,2.2362992629759466
god,2.2362992629759466
measures,2.2362992629759466
feelings,2.2362992629759466
subpoena,2.2362992629759466
felony,2.2362992629759466
allows,2.2362992629759466
invasion,2.2362992629759466
spiral,2.2362992629759466
famous,2.2362992629759466
perfectly,2.2362992629759466
amount,2.2362992629759466
oppression,2.2362992629759466
wash,2.2362992629759466
confronted,2.2362992629759466
predicting,2.2362992629759466
78,2.2362992629759466
replaces,2.2362992629759466
slain,2.2362992629759466
paint,2.2362992629759466
empty,2.2362992629759466
water,2.2362992629759466
nationally,2.2362992629759466
historical,2.2362992629759466
premiums,2.2362992629759466
missed,2.2362992629759466
harmless,2.2362992629759466
busted,2.2362992629759466
bayonets,2.2362992629759466
proposes,2.2362992629759466
exception,2.2362992629759466
agencies,2.2362992629759466
bet,2.2362992629759466
hospitals,2.2362992629759466
disastrous,2.2362992629759466
donated,2.2362992629759466
separate,2.2362992629759466
testing,2.2362992629759466
pulled,2.2362992629759466
deficits,2.2362992629759466
communist,2.2362992629759466
pattern,2.2362992629759466
migration,2.2362992629759466
unclear,2.2362992629759466
"14,000",2.2362992629759466
misinformed,2.2362992629759466
ride,2.2362992629759466
slogan,2.2362992629759466
ineffective,2.2362992629759466
filled,2.2362992629759466
regret,2.2362992629759466
criticized,2.2362992629759466
beheading,2.2362992629759466
honestly,2.2362992629759466
drink,2.2362992629759466
canceled,2.2362992629759466
hysteria,2.2362992629759466
3.1,2.2362992629759466
bought,2.2362992629759466
figured,2.2362992629759466
intentionally,2.2362992629759466
immediate,2.2362992629759466
honoring,2.2362992629759466
czar,2.2362992629759466
cameras,2.2362992629759466
reopens,2.2362992629759466
filmmaker,2.2362992629759466
upon,2.2362992629759466
organized,2.2362992629759466
damn,2.2362992629759466
stating,2.2362992629759466
demographic,2.2362992629759466
providing,2.2362992629759466
celebrities,2.2362992629759466
hopefully,2.2362992629759466
unveils,2.2362992629759466
dropped,2.2362992629759466
unite,2.2362992629759466
closed,2.2362992629759466
32,2.2362992629759466
parking,2.2362992629759466
milk,2.2362992629759466
narrows,2.2362992629759466
dismisses,2.2362992629759466
accepted,2.2362992629759466
intellectual,2.2362992629759466
deported,2.2362992629759466
purpose,2.2362992629759466
72,2.2362992629759466
tickets,2.2362992629759466
staying,2.2362992629759466
faster,2.2362992629759466
auto,2.2362992629759466
extraordinary,2.2362992629759466
hypocrite,2.2362992629759466
valid,2.2362992629759466
battery,2.2362992629759466
casts,2.2362992629759466
wrongly,2.2362992629759466
"30,000",2.2362992629759466
nervous,2.2362992629759466
contain,2.2362992629759466
criticize,2.2362992629759466
miraculously,2.2362992629759466
homosexual,2.2362992629759466
stamp,2.2362992629759466
admitted,2.2362992629759466
married,2.2362992629759466
category,2.2362992629759466
disabled,2.2362992629759466
em,2.2362992629759466
intelligent,2.2362992629759466
bogus,2.2362992629759466
bars,2.2362992629759466
leaked,2.2362992629759466
slide,2.2362992629759466
embarrassment,2.2362992629759466
identified,2.2362992629759466
52-45,2.2362992629759466
options,2.2362992629759466
relationship,2.2362992629759466
joking,2.2362992629759466
testify,2.2362992629759466
letters,2.2362992629759466
radicals,2.2362992629759466
pulling,2.2362992629759466
troubling,2.2362992629759466
statistics,2.2362992629759466
huh,2.2362992629759466
fresh,2.2362992629759466
unhappy,2.2362992629759466
affair,2.2362992629759466
emerges,2.2362992629759466
sample,2.2362992629759466
cop,2.2362992629759466
expands,2.2362992629759466
begin,2.2362992629759466
falling,2.2362992629759466
doctoring,2.2362992629759466
95,2.2362992629759466
battles,2.2362992629759466
chant,2.2362992629759466
walking,2.2362992629759466
full,2.2243300148069576
talk,2.2237368956067143
protests,2.2175918173156712
2008,2.212018094005342
equality,2.192340602758722
/r/politics,2.1731980420249686
federal,2.168733161581888
investigation,2.154812505066564
report,2.154812505066564
away,2.142094217769177
taxes,2.1333274359995307
inequality,2.1238176636327166
turned,2.1234567749588154
killed,2.095495372997684
accused,2.095495372997684
re,2.0792765965538647
climate,2.0759687423002107
true,2.0566375551266165
things,2.054165809742322
laws,2.0410420080282834
last,2.040795910979065
2010,2.0283947492416914
paid,2.0045714323086155
Â«,2.0045714323086155
93,2.0001551449961608
foul,2.0001551449961608
nail,2.0001551449961608
shortly,2.0001551449961608
pressuring,2.0001551449961608
undercover,2.0001551449961608
stock,2.0001551449961608
incumbents,2.0001551449961608
acceptance,2.0001551449961608
de,2.0001551449961608
ancestor,2.0001551449961608
managed,2.0001551449961608
trading,2.0001551449961608
institution,2.0001551449961608
wire,2.0001551449961608
predator,2.0001551449961608
protects,2.0001551449961608
sermons,2.0001551449961608
weigh,2.0001551449961608
subscribe,2.0001551449961608
2-1,2.0001551449961608
raids,2.0001551449961608
flair,2.0001551449961608
clip,2.0001551449961608
correctly,2.0001551449961608
beauty,2.0001551449961608
},2.0001551449961608
futures,2.0001551449961608
overseas,2.0001551449961608
flubs,2.0001551449961608
devices,2.0001551449961608
ðŸ¤”,2.0001551449961608
phony,2.0001551449961608
payments,2.0001551449961608
incredible,2.0001551449961608
shut,2.0001551449961608
{,2.0001551449961608
engage,2.0001551449961608
draws,2.0001551449961608
mailer,2.0001551449961608
'love,2.0001551449961608
bodies,2.0001551449961608
mum,2.0001551449961608
54,2.0001551449961608
anticipation,2.0001551449961608
copy,2.0001551449961608
submission,2.0001551449961608
68,2.0001551449961608
exercise,2.0001551449961608
brutally,2.0001551449961608
7.9,2.0001551449961608
one-party,2.0001551449961608
"7,000",2.0001551449961608
speed,2.0001551449961608
governors,2.0001551449961608
handicapping,2.0001551449961608
specifically,2.0001551449961608
import,2.0001551449961608
feds,2.0001551449961608
minds,2.0001551449961608
feeding,2.0001551449961608
fish,2.0001551449961608
scene,2.0001551449961608
banning,2.0001551449961608
freaking,2.0001551449961608
grassroots,2.0001551449961608
precinct,2.0001551449961608
essentially,2.0001551449961608
followers,2.0001551449961608
diagnosed,2.0001551449961608
ðŸ˜‚,2.0001551449961608
destroying,2.0001551449961608
entered,2.0001551449961608
rallies,2.0001551449961608
narrow,2.0001551449961608
accident,2.0001551449961608
39,2.0001551449961608
detained,2.0001551449961608
journal,2.0001551449961608
lunches,2.0001551449961608
afraid,2.0001551449961608
heads,2.0001551449961608
smoking,2.0001551449961608
audience,2.0001551449961608
aviation,2.0001551449961608
symptoms,2.0001551449961608
man-made,2.0001551449961608
shrink,2.0001551449961608
pretend,2.0001551449961608
harassing,2.0001551449961608
nightmare,2.0001551449961608
satire,2.0001551449961608
rain,2.0001551449961608
hints,2.0001551449961608
clarify,2.0001551449961608
bump,2.0001551449961608
division,2.0001551449961608
statewide,2.0001551449961608
divided,2.0001551449961608
vitriolic,2.0001551449961608
audit,2.0001551449961608
prez,2.0001551449961608
84,2.0001551449961608
losses,2.0001551449961608
region,2.0001551449961608
treatment,2.0001551449961608
manipulate,2.0001551449961608
targets,2.0001551449961608
restrictions,2.0001551449961608
latimes.com,2.0001551449961608
clinic,2.0001551449961608
r/prolife,2.0001551449961608
convened,2.0001551449961608
shuttle,2.0001551449961608
appointments,2.0001551449961608
advance,2.0001551449961608
taught,2.0001551449961608
homework,2.0001551449961608
declines,2.0001551449961608
repeat,2.0001551449961608
followed,2.0001551449961608
flood,2.0001551449961608
flying,2.0001551449961608
gov,2.0001551449961608
smart,2.0001551449961608
sparks,2.0001551449961608
sweet,2.0001551449961608
doom,2.0001551449961608
overseeing,2.0001551449961608
damning,2.0001551449961608
selling,2.0001551449961608
professors,2.0001551449961608
sensitive,2.0001551449961608
licenses,2.0001551449961608
enter,2.0001551449961608
principal,2.0001551449961608
classy,2.0001551449961608
button,2.0001551449961608
butthurt,2.0001551449961608
proving,2.0001551449961608
editor,2.0001551449961608
pool,2.0001551449961608
cartels,2.0001551449961608
preferred,2.0001551449961608
commentator,2.0001551449961608
suing,2.0001551449961608
cooperation,2.0001551449961608
11th,2.0001551449961608
recommendations,2.0001551449961608
loans,2.0001551449961608
outnumber,2.0001551449961608
shouldn,2.0001551449961608
fooled,2.0001551449961608
chides,2.0001551449961608
swamp,2.0001551449961608
dodges,2.0001551449961608
tightens,2.0001551449961608
wealthy,2.0001551449961608
hypocritical,2.0001551449961608
encouraged,2.0001551449961608
organizer,2.0001551449961608
shame,2.0001551449961608
expand,2.0001551449961608
spirit,2.0001551449961608
degree,2.0001551449961608
speeches,2.0001551449961608
regime,2.0001551449961608
59,2.0001551449961608
condition,2.0001551449961608
requested,2.0001551449961608
hasn,2.0001551449961608
mothers,2.0001551449961608
brave,2.0001551449961608
optimal,2.0001551449961608
sites,2.0001551449961608
north,2.0001551449961608
solid,2.0001551449961608
defamation,2.0001551449961608
bipartisan,2.0001551449961608
concede,2.0001551449961608
throughout,2.0001551449961608
accusing,2.0001551449961608
accountable,2.0001551449961608
lashes,2.0001551449961608
scrambles,2.0001551449961608
complains,2.0001551449961608
generations,2.0001551449961608
mammograms,2.0001551449961608
reply,2.0001551449961608
treaty,2.0001551449961608
bash,2.0001551449961608
sudden,2.0001551449961608
divisive,2.0001551449961608
congratulates,2.0001551449961608
acceptable,2.0001551449961608
column,2.0001551449961608
honors,2.0001551449961608
revenue,2.0001551449961608
size,2.0001551449961608
encouraging,2.0001551449961608
played,2.0001551449961608
trans,2.0001551449961608
dozens,2.0001551449961608
insanity,2.0001551449961608
rescue,2.0001551449961608
violating,2.0001551449961608
believing,2.0001551449961608
reactions,2.0001551449961608
tops,2.0001551449961608
irrelevant,2.0001551449961608
signed,2.0001551449961608
realized,2.0001551449961608
survived,2.0001551449961608
explanation,2.0001551449961608
boos,2.0001551449961608
contempt,2.0001551449961608
ruins,2.0001551449961608
regressive,2.0001551449961608
understanding,2.0001551449961608
picked,2.0001551449961608
volunteers,2.0001551449961608
causing,2.0001551449961608
session,2.0001551449961608
solve,2.0001551449961608
scandals,2.0001551449961608
cycle,2.0001551449961608
roll,2.0001551449961608
classes,2.0001551449961608
pundits,2.0001551449961608
sea,2.0001551449961608
enforce,2.0001551449961608
behalf,2.0001551449961608
subpoenas,2.0001551449961608
docs,2.0001551449961608
cries,2.0001551449961608
suburban,2.0001551449961608
85.6,2.0001551449961608
prep,2.0001551449961608
mural,2.0001551449961608
license,2.0001551449961608
america,2.0001551449961608
ripping,2.0001551449961608
pocket,2.0001551449961608
invaded,2.0001551449961608
crushing,2.0001551449961608
blowing,2.0001551449961608
179,2.0001551449961608
violation,2.0001551449961608
owe,2.0001551449961608
fixed,2.0001551449961608
shout,2.0001551449961608
mod,2.0001551449961608
acts,2.0001551449961608
presents,2.0001551449961608
blocking,2.0001551449961608
whatever,2.0001551449961608
broke,2.0001551449961608
pitch,2.0001551449961608
reaches,2.0001551449961608
blatant,2.0001551449961608
finished,2.0001551449961608
touched,2.0001551449961608
training,2.0001551449961608
viewpoints,2.0001551449961608
perhaps,2.0001551449961608
stir,2.0001551449961608
generals,2.0001551449961608
alike,2.0001551449961608
86,2.0001551449961608
deliver,2.0001551449961608
direct,2.0001551449961608
loud,2.0001551449961608
deportation,2.0001551449961608
echo,2.0001551449961608
smug,2.0001551449961608
selection,2.0001551449961608
67,2.0001551449961608
chamber,2.0001551449961608
rises,2.0001551449961608
advisor,2.0001551449961608
art,2.0001551449961608
renew,2.0001551449961608
entitlements,2.0001551449961608
sale,2.0001551449961608
demonizing,2.0001551449961608
checking,2.0001551449961608
requiring,2.0001551449961608
preventing,2.0001551449961608
monitor,2.0001551449961608
examples,2.0001551449961608
miss,2.0001551449961608
poster,2.0001551449961608
unwanted,2.0001551449961608
parliament,2.0001551449961608
warfare,2.0001551449961608
mid,2.0001551449961603
55,2.0001551449961603
3.7,2.0001551449961603
riot,2.0001551449961603
correction,2.0001551449961603
psychology,2.0001551449961603
grade,2.0001551449961603
protesting,2.0001551449961603
pre-existing,2.0001551449961603
1980s,2.0001551449961603
closely,2.0001551449961603
emissions,2.0001551449961603
awarded,2.0001551449961603
lib,2.0001551449961603
definitely,2.0001551449961603
relatively,2.0001551449961603
built,2.0001551449961603
visited,2.0001551449961603
draw,2.0001551449961603
jumps,2.0001551449961603
outcome,2.0001551449961603
hillary,2.0001551449961603
couldn,2.0001551449961603
chocolate,2.0001551449961603
lady,2.0001551449961603
uterus,2.0001551449961603
driven,2.0001551449961603
conflict,2.0001551449961603
educated,2.0001551449961603
apartment,2.0001551449961603
tougher,2.0001551449961603
aimed,2.0001551449961603
earners,2.0001551449961603
rapes,2.0001551449961603
argues,2.0001551449961603
reminded,2.0001551449961603
onto,2.0001551449961603
clown,2.0001551449961603
viewpoint,2.0001551449961603
mark,2.0001551449961603
inauguration,2.0001551449961603
whenever,2.0001551449961603
scientific,2.0001551449961603
equally,2.0001551449961603
ultimatum,2.0001551449961603
removing,2.0001551449961603
experienced,2.0001551449961603
hammers,2.0001551449961603
pleads,2.0001551449961603
pastors,2.0001551449961603
wholly,2.0001551449961603
catch,2.0001551449961603
rejected,2.0001551449961603
flee,2.0001551449961603
mystery,2.0001551449961603
relatives,2.0001551449961603
bed,2.0001551449961603
witness,2.0001551449961603
supremacist,2.0001551449961603
cant,2.0001551449961603
retired,2.0001551449961603
rewrites,2.0001551449961603
developing,2.0001551449961603
hired,2.0001551449961603
combined,2.0001551449961603
expert,2.0001551449961603
prepare,2.0001551449961603
destruction,2.0001551449961603
condemn,2.0001551449961603
impeach,2.0001551449961603
feeling,2.0001551449961603
downvote,2.0001551449961603
similar,2.0001551449961603
might,1.9921228578338641
use,1.986595330450317
